UpperBounded #rows, BI, UpperBounded #requests, Refresh Overhead (%), MemUtilisation (%)
UpperBounded #rows, BI, UpperBounded #requests, Refresh Overhead (%), MemUtilisation (%)
UpperBounded #rows, BI, UpperBounded #requests, Refresh Overhead (%), MemUtilisation (%)
UpperBounded #rows, BI, UpperBounded #requests, Refresh Overhead (%), MemUtilisation (%)
UpperBounded #rows, BI, UpperBounded #requests, Refresh Overhead (%), MemUtilisation (%)
UpperBounded #rows, BI, UpperBounded #requests, Refresh Overhead (%), MemUtilisation (%)
UpperBounded #rows, BI, UpperBounded #requests, Refresh Overhead (%), MemUtilisation (%)
UpperBounded #rows, BI, UpperBounded #requests, Refresh Overhead (%), MemUtilisation (%)
UpperBounded #rows, BI, UpperBounded #requests, Refresh Overhead (%), MemUtilisation (%)
UpperBounded #rows, BI, UpperBounded #requests, Refresh Overhead (%), MemUtilisation (%)
UpperBounded #rows, BI, UpperBounded #requests, Refresh Overhead (%), MemUtilisation (%)
UpperBounded #rows, BI, UpperBounded #requests, Refresh Overhead (%), MemUtilisation (%)
UpperBounded #rows, BI, UpperBounded #requests, Refresh Overhead (%), MemUtilisation (%)
UpperBounded #rows, BI, UpperBounded #requests, Refresh Overhead (%), MemUtilisation (%)
UpperBounded #rows, BI, UpperBounded #requests, Refresh Overhead (%), MemUtilisation (%)
UpperBounded #rows, BI, UpperBounded #requests, Refresh Overhead (%), MemUtilisation (%)
UpperBounded #rows, BI, UpperBounded #requests, Refresh Overhead (%), MemUtilisation (%)
UpperBounded #rows, BI, UpperBounded #requests, Refresh Overhead (%), MemUtilisation (%)
UpperBounded #rows, BI, UpperBounded #requests, Refresh Overhead (%), MemUtilisation (%)
UpperBounded #rows, BI, UpperBounded #requests, Refresh Overhead (%), MemUtilisation (%)
UpperBounded #rows, BI, UpperBounded #requests, Refresh Overhead (%), MemUtilisation (%)
UpperBounded #rows, BI, UpperBounded #requests, Refresh Overhead (%), MemUtilisation (%)
UpperBounded #rows, BI, UpperBounded #requests, Refresh Overhead (%), MemUtilisation (%)
UpperBounded #rows, BI, UpperBounded #requests, Refresh Overhead (%), MemUtilisation (%)
UpperBounded #rows, BI, UpperBounded #requests, Refresh Overhead (%), MemUtilisation (%)
UpperBounded #rows, BI, UpperBounded #requests, Refresh Overhead (%), MemUtilisation (%)
UpperBounded #rows, BI, UpperBounded #requests, Refresh Overhead (%), MemUtilisation (%)
UpperBounded #rows, BI, UpperBounded #requests, Refresh Overhead (%), MemUtilisation (%)
UpperBounded #rows, BI, UpperBounded #requests, Refresh Overhead (%), MemUtilisation (%)
UpperBounded #rows, BI, UpperBounded #requests, Refresh Overhead (%), MemUtilisation (%)
UpperBounded #rows, BI, UpperBounded #requests, Refresh Overhead (%), MemUtilisation (%)
UpperBounded #rows, BI, UpperBounded #requests, Refresh Overhead (%), MemUtilisation (%)
UpperBounded #rows, BI, UpperBounded #requests, Refresh Overhead (%), MemUtilisation (%)
UpperBounded #rows, BI, UpperBounded #requests, Refresh Overhead (%), MemUtilisation (%)
UpperBounded #rows, BI, UpperBounded #requests, Refresh Overhead (%), MemUtilisation (%)
UpperBounded #rows, BI, UpperBounded #requests, Refresh Overhead (%), MemUtilisation (%)
UpperBounded #rows, BI, UpperBounded #requests, Refresh Overhead (%), MemUtilisation (%)
UpperBounded #rows, BI, UpperBounded #requests, Refresh Overhead (%), MemUtilisation (%)
UpperBounded #rows, BI, UpperBounded #requests, Refresh Overhead (%), MemUtilisation (%)
UpperBounded #rows, BI, UpperBounded #requests, Refresh Overhead (%), MemUtilisation (%)
UpperBounded #rows, BI, UpperBounded #requests, Refresh Overhead (%), MemUtilisation (%)
UpperBounded #rows, BI, UpperBounded #requests, Refresh Overhead (%), MemUtilisation (%)
UpperBounded #rows, BI, UpperBounded #requests, Refresh Overhead (%), MemUtilisation (%)
UpperBounded #rows, BI, UpperBounded #requests, Refresh Overhead (%), MemUtilisation (%)
